Title, Price, Date, ASIN, Rating, Amazon Best Seller-Rank, Img Link, Product-Link
"Fullstar All-in-1 Vegetable Chopper, Mandoline Slicer & Cheese Grater | Multi Blade French Fry Cutter & Veggie Dicer | Includes Bonus Handheld Spiralizer & Kitchen Gadgets",31.95$,2023-06-04,B07VG4S38C,,#87 in Kitchen & Dining (See Top 100 in Kitchen & Dining)  #2 in Mandolines,,https://www.amazon.com//Fullstar-Mandoline-Slicer-Spiralizer-Vegetable/dp/B07VG4S38C/ref=sr_1_1?keywords=gadgets&qid=1685891325&sr=8-1
"Rocyis Electric Salt and Pepper Grinder-Gravity Automatic Spice Mill Set-Battery Powered w/LED Light, Adjustable Coarseness, One Hand Operated Smart Kitchen Gadgets, Stainless Steel, 2 Pack",29.99$,2023-06-04,B09TNKDHVL,,"#14,161 in Kitchen & Dining (See Top 100 in Kitchen & Dining)  #58 in Salt & Pepper Mill Sets",,https://www.amazon.com//Rocyis-Grinder-Gravity-Set-Battery-Adjustable-Coarseness/dp/B09TNKDHVL/ref=sr_1_2?keywords=gadgets&qid=1685891325&sr=8-2
"Vegetable Chopper, Pro Onion Chopper, Multifunctional 13 in 1 Food Chopper, Kitchen Vegetable Slicer Dicer Cutter,Veggie Chopper With 8 Blades,Carrot and Garlic Chopper With Container",18.03$,2023-06-04,B09YH5CPQP,,#31 in Kitchen & Dining (See Top 100 in Kitchen & Dining)  #1 in Mandolines  #2 in Seasoning & Spice Choppers,,https://www.amazon.com//Vegetable-Chopper-Multifunctional-Kitchen-Container/dp/B09YH5CPQP/ref=sr_1_4?keywords=gadgets&qid=1685891325&sr=8-4
Macally Cup Holder Tray- Perfect Adjustable Car Food Tray for Eating with Phone Slot and Swivel Arm -Organizer - Road Trip Essential Car Travel Accessories Gadgets,29.99$,2023-06-04,B085ZDT7GF,,"#3,369 in Automotive (See Top 100 in Automotive)  #56 in Automotive Cup Holders",,https://www.amazon.com//Macally-Cup-Holder-Tray-Car/dp/B085ZDT7GF/ref=sr_1_5?keywords=gadgets&qid=1685891325&sr=8-5
"Silicone Faucet Handle Drip Catcher Tray Mat, Silicone Faucet Mat Dish Soap Sponge Holder for Kitchen Sink Accessories Gadgets, Drying Mat for Kitchen Counter Bathroom Kitchen Sink Splash Guard -Grey",9.89$,2023-06-04,B09XJ1Z8CV,,#463 in Kitchen & Dining (See Top 100 in Kitchen & Dining)  #4 in Dish Racks,,https://www.amazon.com//Silicone-Catcher-Kitchen-Accessories-Bathroom/dp/B09XJ1Z8CV/ref=sr_1_6?keywords=gadgets&qid=1685891325&sr=8-6
"Storming Chicken Shredder Tool Twist - 116 Spike Meat Shredder Kitchen Gadgets for the Shreddiest Chicken AND Steak! Full Surface Pulled Pork Shredder, Thick Meat Breaker Upper, Shredding Machine",36.00$,2023-06-04,B0B33TJ51R,,"#27,463 in Patio, Lawn & Garden (See Top 100 in Patio, Lawn & Garden)  #15 in Barbecue Claws",,https://www.amazon.com//Storming-Shredder-Chicken-Barbecue-Claws/dp/B0B33TJ51R/ref=sr_1_7?keywords=gadgets&qid=1685891325&sr=8-7
"LHS Herb Scissors with 5 Multi Stainless Steel Blades and Safe Cover Kitchen Gadgets Cutter, Kitchen Chopping Shear, Mincer, Sharp Dishwasher Safe Kitchen Gadget, Culinary Cutter",15.99$,2023-06-04,B0811MXSNS,,"#22,574 in Kitchen & Dining (See Top 100 in Kitchen & Dining)  #65 in Kitchen Shears",,https://www.amazon.com//LHS-Herb-Scissors-Stainless-Dishwasher/dp/B0811MXSNS/ref=sr_1_8?keywords=gadgets&qid=1685891325&sr=8-8
"LED Flashlight Gloves, Fathers Day Gifts from Daughter Son Wife, Gifts for Men Him Dad Boyfriend, Cool Gadget Hands-Free Lights for Camping Fishing Repairing, Fathers Day Christmas Birthday Gift",12.74$,2023-06-04,B08ZJQCZJ4,,#404 in Tools & Home Improvement (See Top 100 in Tools & Home Improvement)  #1 in Hands Free Flashlights,,https://www.amazon.com//Flashlight-Christmas-Boyfriend-Repairing-Valentines/dp/B08ZJQCZJ4/ref=ice_ac_b_dpb?keywords=gadgets&qid=1685891325&sr=8-9
"Ouboda 6 in 1 Multifunctional cooking gadgets, 356°F Heat Resistant kitchen gadgets, Egg Separator, Cooking, Draining, Mashing, Grating, Cooking spoon red",7.99$,2023-06-04,B09C2H9N8X,,"#55,514 in Kitchen & Dining (See Top 100 in Kitchen & Dining)  #228 in Cooking Spoons",,https://www.amazon.com//Ouboda-Multifunctional-Resistant-Separator-Draining/dp/B09C2H9N8X/ref=sr_1_10?keywords=gadgets&qid=1685891325&sr=8-10
"LC-dolida Sleep Headphones, White Noise Bluetooth Sleep Mask 3D Breathable Wireless Eye Mask for Timing, Sleep Mask with Bluetooth Headphones for Side Sleepers Travel,Cool Gadgets for Women Men(Grey)",22.94$,2023-06-04,B0BJ1GLWXR,,,,https://www.amazon.com//Sleep-Headphones-White-Noise-Breathable/dp/B0BJ1GLWXR/ref=sr_1_11?keywords=gadgets&qid=1685891325&sr=8-11
"Yolidas Portable Neck Fan Hands Free Bladeless Neck Fan, 360° Cooling Hanging Fan, USB Rechargeable Personal Neck Fan, Wearable Neck Fan Suitable for Traveling, Sports, Office-White",22.99$,2023-06-04,B09222XJP1,,#96 in USB Fans,,https://www.amazon.com//Portable-Neck-Fan-Rechargeable-Office-White/dp/B09222XJP1/ref=sr_1_12?keywords=gadgets&qid=1685891325&sr=8-12
"APHERMA Massage Gun, Muscle Massage Gun for Athletes Handheld Deep Tissue Massager Tool 30 Speed Levels 10 Heads, Mothers Day Gifts from Daughter/Son",28.99$,2023-06-04,B09P1DV7D8,,,,https://www.amazon.com//APHERMA-Massage-Athletes-Handheld-Massager/dp/B09P1DV7D8/ref=sr_1_13?keywords=gadgets&qid=1685891325&sr=8-13
Motenik Cool Gadgets Zip Toy Loop String Shooter Cool Toys [Noctilucent Lasso] String Launcher Toy Rope Propeller Great for Kids and Adults,16.99$,2023-06-04,B0BJ2GFBLJ,,"#12,621 in Toys & Games (See Top 100 in Toys & Games)  #81 in Gags & Practical Joke Toys",,https://www.amazon.com//Motenik-Gadgets-Noctilucent-Launcher-Propeller/dp/B0BJ2GFBLJ/ref=sr_1_14?keywords=gadgets&qid=1685891325&sr=8-14
Kusini Smores Maker Tabletop Indoor - Flameless Electric Marshmallow Roaster – 4 Detachable Trays & 4 Roasting Forks – Gift Set & Date Night Idea. Movie Night Supplies & Housewarming Gift,31.49$,2023-06-04,B0BT5WK9ZJ,,"#1,666 in Kitchen & Dining (See Top 100 in Kitchen & Dining)  #1 in Roasting Pans",,https://www.amazon.com//Kusini-Smores-Maker-Tabletop-Indoor/dp/B0BT5WK9ZJ/ref=sr_1_15?keywords=gadgets&qid=1685891325&sr=8-15
"Mueller Pro-Series 10-in-1, 8 Blade Vegetable Slicer, Onion Mincer Chopper, Vegetable Chopper, Cutter, Dicer, Egg Slicer with Container",34.99$,2023-06-04,B08N9Q24M9,,#97 in Kitchen & Dining (See Top 100 in Kitchen & Dining)  #1 in Egg Slicers,,https://www.amazon.com//Mueller-Austria-Chopper-Vegetable-Container/dp/B08N9Q24M9/ref=sr_1_16?keywords=gadgets&qid=1685891325&sr=8-16
"AUOON Clip On Strainer Silicone for All Pots and Pans, Pasta Strainer Clip on Food Strainer for Meat Vegetables Fruit Silicone Kitchen Colander",9.99$,2023-06-04,B0775GR18G,,#993 in Kitchen & Dining (See Top 100 in Kitchen & Dining)  #8 in Food Strainers,,https://www.amazon.com//Strainer-Spaghetti-Silicone-Colander-Approved/dp/B0775GR18G/ref=sr_1_17?keywords=gadgets&qid=1685891325&sr=8-17
"Neck and Shoulder Relaxer with Magnetic Therapy Pillowcase, Neck Stretcher Chiropractic Pillows for Pain Relief, Cervical Traction Device for Relieve TMJ Headache Muscle Tension Spine Alignment",24.99$,2023-06-04,B0B397LLWG,,,,https://www.amazon.com//Shoulder-Pillowcase-Stretcher-Chiropractic-Alignment/dp/B0B397LLWG/ref=sr_1_18?keywords=gadgets&qid=1685891325&sr=8-18
"kelamayi Broom and Dustpan Comb Set for Home Super Long Handle,Upright Standing Dustpan for Home Room Kitchen Office Lobby Outdoor Floor Use(Gray & Orange)",23.99$,2023-06-04,B09SYYRBVP,,#338 in Health & Household (See Top 100 in Health & Household)  #1 in Household Angle Brooms  #1 in Household Dustpans,,https://www.amazon.com//kelamayi-Upgrade-Dustpan-Self-Cleaning-Upright/dp/B09SYYRBVP/ref=sr_1_19?keywords=gadgets&qid=1685891325&sr=8-19
"Electric Spin Scrubber, Cordless Cleaning Brush Tub Tile Scrubber for Home, 8 Replaceable Brush Heads, 90Mins Work Time 3 Adjustable Handle 2 Adjustable Speeds for Bathroom Shower Bathtub Glass Car",49.49$,2023-06-04,B0B7RSV894,,,,https://www.amazon.com//Electric-Scrubber-Cordless-Replaceable-Adjustable/dp/B0B7RSV894/ref=sr_1_20?keywords=gadgets&qid=1685891325&sr=8-20
"Surge Protector, Outlet Extender with Night Light, Addtam 5-Outlet Splitter and 4 USB Ports(1 USB C), USB Wall Charger Power Strip, Multi Plug Outlet for Home, Office, School, ETL Listed",18.97$,2023-06-04,B09XMMZSWW,,#469 in Electronics (See Top 100 in Electronics)  #54 in Power Strips,,https://www.amazon.com//Protector-Extender-Addtam-5-Outlet-Splitter/dp/B09XMMZSWW/ref=sr_1_21?keywords=gadgets&qid=1685891325&sr=8-21
"ZCWA Robot Vacuum, Robot Vacuum and Mop Combo with Schedule, Self-Charging Robot Vacuum Cleaner Compatible with WiFi/APP/Alexa, Perfect for Pet Hair, Hard-Floor and Carpet",164.96$,2023-06-04,B09YLJK1CC,,"#41,080 in Home & Kitchen (See Top 100 in Home & Kitchen)  #54 in Robotic Vacuums",,https://www.amazon.com//Cleaner-Compatible-Scheduling-Hard-Floor-Royal-Blue/dp/B09YLJK1CC/ref=sr_1_22?keywords=gadgets&qid=1685891325&sr=8-22
"Night Vision Goggles - 4K Night Vision Binoculars for Adults, 3'' Large Screen Binoculars can Save Photo and Video with 32GB Memory Card & Rechargeable Lithium Battery",135.98$,2023-06-04,B0B12CD9YV,,"#2,333 in Sports & Outdoors (See Top 100 in Sports & Outdoors)  #1 in Night Vision Binoculars & Goggles",,https://www.amazon.com//Night-Vision-Goggles-Binoculars-Rechargeable/dp/B0B12CD9YV/ref=sr_1_23?keywords=gadgets&qid=1685891325&sr=8-23
"Kitchen Gizmo Snap N Strain Pot Strainer and Pasta Strainer - Adjustable Silicone Clip On Strainer for Pots, Pans, and Bowls - Kitchen Colander - Gray",13.49$,2023-06-04,B01MZ14LJV,,#120 in Kitchen & Dining (See Top 100 in Kitchen & Dining)  #1 in Food Strainers,,https://www.amazon.com//Kitchen-Gizmo-Strainer-Silicone-Colander/dp/B01MZ14LJV/ref=sr_1_24?keywords=gadgets&qid=1685891325&sr=8-24
"AIERSA Spoon Rest with Lid Holder for Stove Top (2 Pack) Spatula Ladle Pot Lid Utensil Rest for Countertop,Kitchen Gadgets Accessories for Cooking",11.99$,2023-06-04,B0BJVJSRX6,,"#19,534 in Kitchen & Dining (See Top 100 in Kitchen & Dining)  #47 in Spoon Rests",,https://www.amazon.com//AIERSA-Spatula-Utensil-Countertop-Accessories/dp/B0BJVJSRX6/ref=sr_1_25?keywords=gadgets&qid=1685891325&sr=8-25
"Electric Cleaning Brush Set,Portable Electric Spin Scrubber with 5 Deep Drill Brush Heads, Rechargeable Shower Brush with Speed/Power Display,Cleaning Gadgets for Bathroom Car Tile Floor Bathtub",49.99$,2023-06-04,B0BYNDP5WC,,"#56,804 in Kitchen & Dining (See Top 100 in Kitchen & Dining)  #216 in Fruit & Vegetable Cleaning Brushes",,https://www.amazon.com//Electric-Cleaning-Portable-Scrubber-Rechargeable/dp/B0BYNDP5WC/ref=sr_1_26?keywords=gadgets&qid=1685891325&sr=8-26
"Sushi Making Kit- Complete Sushi Making Kit for Beginners & Pros Sushi Makers, Perfect Sushi Making Kitchen Accessories Like Sushi Knife, 2 Sushi Mats, Rice Bazooka, Dipping Plate, & More (Bamboo)",24.99$,2023-06-04,B09L3FH1F5,,"#3,487 in Kitchen & Dining (See Top 100 in Kitchen & Dining)  #6 in Sushi Plates",,https://www.amazon.com//Complete-Rolling-Premium-Bazooka-Beginners/dp/B09L3FH1F5/ref=sr_1_27?keywords=gadgets&qid=1685891325&sr=8-27
"iHave Toothbrush Holders for Bathrooms, 2 Cups Toothbrush Holder Wall Mounted with Toothpaste Dispenser - Large Capacity Tray, Cosmetic Drawer - Bathroom Decor & Bathroom Accessories",19.99$,2023-06-04,B099MS8VL2,,"#1,251 in Home & Kitchen (See Top 100 in Home & Kitchen)  #1 in Toothbrush Holders",,https://www.amazon.com//iHave-Toothbrush-Bathrooms-Toothpaste-Dispenser/dp/B099MS8VL2/ref=sr_1_28?keywords=gadgets&qid=1685891325&sr=8-28
"Keimi Electric Spin Scrubber, 2023 New Cordless Voice Prompt Shower Cleaning Brush with 8 Replaceable Brush Heads, 3 Adjustable Speeds, and Adjustable Extension Handle for Bathroom Floor Tile",59.99$,2023-06-04,B0BN77ZWKW,,#256 in Industrial & Scientific (See Top 100 in Industrial & Scientific)  #1 in Chamfer End Mills,,https://www.amazon.com//Electric-Scrubber-Replaceable-Adjustable-Extension/dp/B0BN77ZWKW/ref=sr_1_29?keywords=gadgets&qid=1685891325&sr=8-29
"Outlet Extender with Night Light, Multi Plug Outlet, USB Wall Charger Surge Protector 4 USB Charging Port(1USB C), Power Strip Electrical Outlet Splitter Expander for Home Office Dorm Room ETL Listed",16.97$,2023-06-04,B09WTYDVNW,,#559 in Electronics (See Top 100 in Electronics)  #66 in Power Strips,,https://www.amazon.com//Extender-Protector-Charging-Electrical-Splitter/dp/B09WTYDVNW/ref=sr_1_30?keywords=gadgets&qid=1685891325&sr=8-30
"PAPUKA Pure Brass Cube Gears Linkage Anti-Anxiety Fidget Spinner Toy,Metal DIY EDC Meditation Break Bad Habits ADHD Finger Spinning Toy for Kid and Adults,High Speed Precision Brass Material",19.98$,2023-06-04,B08M92WK2T,,"#13,590 in Toys & Games (See Top 100 in Toys & Games)  #38 in Fidget Spinners",,https://www.amazon.com//PAPUKA-Anti-Anxiety-Meditation-Spinning-Precision/dp/B08M92WK2T/ref=sr_1_31?keywords=gadgets&qid=1685891325&sr=8-31
Smartphone Screen Magnifier Stand 14 Inch 3D Foldable Amplifier for Cell Phone with Adjustable Angle,19.88$,2023-06-04,B08X22912P,,"#14,966 in Cell Phones & Accessories (See Top 100 in Cell Phones & Accessories)  #8 in Cell Phone Screen Expanders & Magnifiers",,https://www.amazon.com//Smartphone-Magnifier-Foldable-Amplifier-Adjustable/dp/B08X22912P/ref=sr_1_32?keywords=gadgets&qid=1685891325&sr=8-32
"14 Pcs Silicone Cooking Utensils Kitchen Utensil Set - 446°F Heat Resistant,Turner Tongs, Spatula, Spoon, Brush, Whisk, Wooden Handle Kitchen Gadgets with Holder for Nonstick Cookware (BPA Free Khaki)",27.97$,2023-06-04,B07TTP2SP6,,#931 in Kitchen & Dining (See Top 100 in Kitchen & Dining)  #5 in Cooking Utensil Sets,,https://www.amazon.com//Silicone-Kitchen-Utensils-Cooking-Utensil/dp/B07TTP2SP6/ref=sr_1_33?keywords=gadgets&qid=1685891325&sr=8-33
Cryptex Da Vinci Code Mini Cryptex Lock Puzzle Boxes with Hidden Compartments Anniversary Valentine's Day Romantic Birthday Gifts for Her Gifts for Girlfriend Box for Men,29.99$,2023-06-04,B08RB868R8,,"#1,845 in Toys & Games (See Top 100 in Toys & Games)  #7 in Puzzle Boxes",,https://www.amazon.com//Compartments-Anniversary-Valentines-Romantic-Girlfriend/dp/B08RB868R8/ref=sr_1_34?keywords=gadgets&qid=1685891325&sr=8-34
Fullstar Spiralizer Vegetable Slicer - Onion Chopper with Container - Pro Food Chopper - Black Slicer Dicer Cutter - 7 Blades,34.99$,2023-06-04,B09SGLXD2T,,"#18,518 in Kitchen & Dining (See Top 100 in Kitchen & Dining)  #22 in Egg Slicers",,https://www.amazon.com//Fullstar-Vegetable-Chopper-Spiralizer-Container/dp/B09SGLXD2T/ref=sr_1_35?keywords=gadgets&qid=1685891325&sr=8-35
"Ember Temperature Control Smart Mug 2, 10 Oz, App-Controlled Heated Coffee Mug with 80 Min Battery Life and Improved Design, Black",129.00$,2023-06-04,B07NQRM6ML,,"#3,127 in Kitchen & Dining (See Top 100 in Kitchen & Dining)  #9 in Mugs  #12 in Novelty Coffee Mugs",,https://www.amazon.com//Ember-Temperature-Control-1-5-hr-Battery/dp/B07NQRM6ML/ref=sr_1_36?keywords=gadgets&qid=1685891325&sr=8-36
"Father Day Gifts, 12 IN 1 Tactical Pen Multitool Pen,Gifts for Him Cool Gadgets for Men, EDC Gear Survival Pen, Birthday Gifts for Men, Boyfriend, Husband, Dad Gifts Mens Gifts for Father, Grandpa",17.99$,2023-06-04,B09GFJGBWK,,"#13,425 in Tools & Home Improvement (See Top 100 in Tools & Home Improvement)  #74 in Multitools",,https://www.amazon.com//Tactical-Multitool-Survival-Flashlight-Stocking/dp/B09GFJGBWK/ref=sr_1_37?keywords=gadgets&qid=1685891325&sr=8-37
"2Pcs Gravity Electric Salt and Pepper Grinder Set, Battery Powered LED Light One Hand Automatic Operation, Adjustable Coarseness Mill Grinders Shakers Black, Kitchen Gadgets Gift Ideas",22.99$,2023-06-04,B09HBLBNNY,,"#8,384 in Kitchen & Dining (See Top 100 in Kitchen & Dining)  #40 in Salt & Pepper Mill Sets",,https://www.amazon.com//MOVNO-Automatic-Adjustable-Coarseness-Operation/dp/B09HBLBNNY/ref=sr_1_38?keywords=gadgets&qid=1685891325&sr=8-38
"Yesimla USB C Adapter Cable Kit, Multi Charging Cable Case Convertor USB C to Lightning/Type C/Micro/USB A Adapter, Data Transfer Contains Card Slot for Traveling, Use as Phone Holder (Black)",9.99$,2023-06-04,B09NSKJYX6,,,,https://www.amazon.com//Conversion-Multi-Type-Charging-Convertor-Lightning/dp/B09NSKJYX6/ref=sr_1_39?keywords=gadgets&qid=1685891325&sr=8-39
"PowerTRC USB 3"" Diameter Powered Plasma Ball | USB or (2 X AA) Powered | Science Toy | Electronic Plasma Light Gadget | Desk Toy | Classroom Accessory",15.89$,2023-06-04,B01BU8VFNG,,,,https://www.amazon.com//PowerTRC-USB-Powered-Plasma-Ball/dp/B01BU8VFNG/ref=sr_1_40?keywords=gadgets&qid=1685891325&sr=8-40
"Umite Chef Kitchen Cooking Utensils Set, 33 pcs Non-Stick Silicone Cooking Kitchen Utensils Spatula Set with Holder, Wooden Handle Silicone Kitchen Gadgets Utensil Set (Khaki)",32.99$,2023-06-04,B08573DQ39,,#383 in Kitchen & Dining (See Top 100 in Kitchen & Dining)  #2 in Cooking Utensil Sets,,https://www.amazon.com//Umite-Chef-Utensils-Non-stick-Resistant/dp/B08573DQ39/ref=sr_1_41?keywords=gadgets&qid=1685891325&sr=8-41
"SmartDevil USB Desk Fan, Small Personal Desktop Table Fan with Strong Wind, Quiet Operation Portable Mini Fan for Home Office Bedroom Table and Desktop (Black)",19.99$,2023-06-04,B083LXD5L4,,"#11,177 in Home & Kitchen (See Top 100 in Home & Kitchen)  #24 in USB Gadgets  #455 in Heating, Cooling & Air Quality",,https://www.amazon.com//SmartDevil-Personal-Desktop-Operation-Portable/dp/B083LXD5L4/ref=sr_1_42?keywords=gadgets&qid=1685891325&sr=8-42
Cell Phone Stand with Wireless Bluetooth Speaker and Anti-Slip Base HD Surround Sound Perfect for Home and Outdoors with Bluetooth Speaker for Desk Compatible with iPhone/ipad/Samsung Galaxy,24.69$,2023-06-04,B08GC1G4Y9,,#255 in Electronics (See Top 100 in Electronics)  #20 in Portable Bluetooth Speakers,,https://www.amazon.com//Wireless-Bluetooth-Anti-Slip-Surround-Compatible/dp/B08GC1G4Y9/ref=sr_1_43?keywords=gadgets&qid=1685891325&sr=8-43
"Healthy Seniors Jar Opener For Seniors With Arthritis, Easy Twist Jar Opener For Weak Hands, Multi-Function Bottle Opener For Arthritic Hands With Rubber Jar Opener Gripper Pad (Red)",17.99$,2023-06-04,B0B1TY6FTR,,"#87,284 in Kitchen & Dining (See Top 100 in Kitchen & Dining)  #155 in Jar Openers",,https://www.amazon.com//Healthy-Seniors-Arthritis-Multi-Function-Arthritic/dp/B0B1TY6FTR/ref=sr_1_44?keywords=gadgets&qid=1685891325&sr=8-44
"MoCaBy LED Flashlight Gloves, Gifts for Men Him Dad Boyfriend, Grandpa,Cool Gadget Hands-Free Lights for Camping Fishing Repairing, Fathers Day Christmas Birthday Gift(Black)",12.99$,2023-06-04,B0BZP9C5D2,,"#64,864 in Tools & Home Improvement (See Top 100 in Tools & Home Improvement)  #47 in Hands Free Flashlights",,https://www.amazon.com//MoCaBy-Flashlight-Boyfriend-Hands-Free-Repairing/dp/B0BZP9C5D2/ref=sr_1_45?keywords=gadgets&qid=1685891325&sr=8-45
GIGA PUMP 2.0 Electric Portable Air Pump 1300mah Battery Rechargeable Pump Ultra-Mini Inflator/Deflator Pump for Swimming Rings air Mattress Bed Pool Toy with 400 LMS Light,29.99$,2023-06-04,B08SW6WVH3,,#625 in Unique Finds (See Top 100 in Unique Finds)  #5 in Indiegogo  #19 in Unique Sports & Outdoors  #24 in Inflatable Bed Pumps,,https://www.amazon.com//GIGA-Electric-Portable-Rechargeable-Ultra-mini/dp/B08SW6WVH3/ref=sr_1_46?keywords=gadgets&qid=1685891325&sr=8-46
"VABSCE Digital Night Vision Binoculars, 1080p FHD, 1640ft Viewing Range, Superior 5W Infrared, High Sensitivity COMS Sensor Night Goggles for Hunting, Camping and Surveillance with 64GB Micro SD Card",269.99$,2023-06-04,B08K8RPBLT,,"#59,001 in Sports & Outdoors (See Top 100 in Sports & Outdoors)  #31 in Night Vision Binoculars & Goggles",,https://www.amazon.com//VABSCE-Binoculars-Superior-Sensitivity-Surveillance/dp/B08K8RPBLT/ref=sr_1_47?keywords=gadgets&qid=1685891325&sr=8-47
"Perytong Sleep Headphones Wireless, Bluetooth Sports Headband Headphones with Ultra-Thin HD Stereo Speakers Perfect for Sleeping,Workout,Jogging,Yoga,Insomnia, Air Travel, Meditation",19.99$,2023-06-04,B08R7439SN,,#55 in Electronics (See Top 100 in Electronics)  #4 in Over-Ear Headphones  #47 in Climate Pledge Friendly: Electronics,,https://www.amazon.com//Headphones-Perytong-Bluetooth-Ultra-Thin-Meditation/dp/B08R7439SN/ref=sr_1_48?keywords=gadgets&qid=1685891325&sr=8-48
"Magnetic Levitation Globe with LED Light, Cool Gadgets Floating Lamp Globe Decor, Cool Gifts for Men/Father/Husband/Boyfriend/Kids/Boss, Great Technology Graduation Gifts (Blue)",40.99$,2023-06-04,B08FKS6DZR,,"#17,713 in Toys & Games (See Top 100 in Toys & Games)  #9 in Geographic Globes",,https://www.amazon.com//Magnetic-Levitation-Floating-Fixture-Boyfriend/dp/B08FKS6DZR/ref=sr_1_49?keywords=gadgets&qid=1685891629&sr=8-49
"ODSD Mini Bag Sealer, 2 IN 1 Heat Sealer & Cutter Battery Powered, Portable Handheld Bag Resealer Vacuum Sealer Saver Machine Kitchen Gadget for Chip Bags Food Storage (Battery Included)",11.99$,2023-06-04,B09YRD2Q4Q,,"#7,543 in Kitchen & Dining (See Top 100 in Kitchen & Dining)  #59 in Vacuum Sealers",,https://www.amazon.com//ODSD-Portable-Handheld-Resealer-Included/dp/B09YRD2Q4Q/ref=sr_1_50?keywords=gadgets&qid=1685891629&sr=8-50
"Ecolution Patented Micro-Pop Microwave Popcorn Popper with Temperature Safe Glass, 3-in-1 Lid Measures Kernels and Melts Butter, Made Without BPA, Dishwasher Safe, 1.5-Quart, Aqua",12.99$,2023-06-04,B09CXQRRWC,,#188 in Kitchen & Dining (See Top 100 in Kitchen & Dining)  #1 in Popcorn Poppers,,https://www.amazon.com//Ecolution-Microwave-Micro-Pop-Borosilicate-Dishwasher/dp/B09CXQRRWC/ref=sr_1_51?keywords=gadgets&qid=1685891629&sr=8-51
The Gadget    Kindle Edition,4.99$,2023-06-04,B00CBASPYA,,,,https://www.amazon.com//Gadget-Paul-Zindel-ebook/dp/B00CBASPYA/ref=sr_1_52?keywords=gadgets&qid=1685891629&sr=8-52
Tovolo Cupcake Scoop (Fuchsia) - Batter Dispenser Measuring Equal Amounts / Dishwasher Safe & BPA-Free Kitchen Gadget for Baking,11.07$,2023-06-04,B00JQN1XN0,,"#28,938 in Kitchen & Dining (See Top 100 in Kitchen & Dining)  #189 in Measuring Cups",,https://www.amazon.com//Tovolo-Silicone-One-Touch-Dispenses-Dishwasher-Safe/dp/B00JQN1XN0/ref=sr_1_53?keywords=gadgets&qid=1685891629&sr=8-53"18/8 stainless steel kitchen utensils set, kitchen gadgets cooking tools, kitchen baking and pastry tool set, scissors,Peeler,Zester,Kitchen Tongs,Whisk,Measuring Spoons,Dough Blender,Pastry Brush",24.99$,2023-06-04,B0BRW7WXPB,,"#94,904 in Kitchen & Dining (See Top 100 in Kitchen & Dining)  #299 in Cooking Utensil Sets",,https://www.amazon.com//stainless-kitchen-utensils-scissors-Measuring/dp/B0BRW7WXPB/ref=sr_1_54?keywords=gadgets&qid=1685891629&sr=8-54
Super Universal Socket Tools Gifts for Men - Father's Day Gifts for Dad from Daughter Son Socket Set with Power Drill Adapter(7-19 MM) Cool Stuff Gadgets for Men Women Birthday Gift for Dad Husband,14.88$,2023-06-04,B085ZRJFQ8,,"#4,490 in Tools & Home Improvement (See Top 100 in Tools & Home Improvement)  #17 in Socket Wrenches",,https://www.amazon.com//Super-Universal-Socket-Tools-Gifts/dp/B085ZRJFQ8/ref=sr_1_55?keywords=gadgets&qid=1685891629&sr=8-55
"Secura Electric Wine Opener, Automatic Electric Wine Bottle Corkscrew Opener with Foil Cutter, Rechargeable (Stainless Steel)",19.99$,2023-06-04,B01261VEOG,,#409 in Kitchen & Dining (See Top 100 in Kitchen & Dining)  #2 in Electric Wine Bottle Openers,,https://www.amazon.com//Secura-SWO-3N-Electrical-Bottle-Stainless/dp/B01261VEOG/ref=sr_1_56?keywords=gadgets&qid=1685891629&sr=8-56
"Cosyband Sleep Headphones Wireless Headband, Sports Wireless Earphones Music Sleeping Headphones Mask Earbuds with HD Stereo Speaker for Women Men Teens Workout Running Cool Gadgets Unique Gifts",16.99$,2023-06-04,B0BYDCK2RZ,,"#49,212 in Electronics (See Top 100 in Electronics)  #3,259 in Earbud & In-Ear Headphones",,https://www.amazon.com//Cosyband-Headphones-Wireless-Headband-Earphones/dp/B0BYDCK2RZ/ref=sr_1_57?keywords=gadgets&qid=1685891629&sr=8-57
"Kasa Smart Light Switch HS200, Single Pole, Needs Neutral Wire, 2.4GHz Wi-Fi Light Switch Works with Alexa and Google Home, UL Certified, No Hub Required , White",14.99$,2023-06-04,B01EZV35QU,,,,https://www.amazon.com//Switch-HS200-Neutral-Certified-Required/dp/B01EZV35QU/ref=sr_1_58?keywords=gadgets&qid=1685891629&sr=8-58
,NoneNone$,2023-06-04,B07H549LML,,,,https://www.amazon.com//Gadgets/dp/B07H53VMGY/ref=sr_1_59?keywords=gadgets&qid=1685891629&sr=8-59
"HXJV Olive Oil Sprayer for Cooking, 200ml Glass Oil Spray Bottles for Kitchen, Continuous Oil Mister Spray Bottle, Kitchen Gadgets for Air Fryer Accessories, Olive Oil Dispenser for Baking, Salad, Bbq",18.99$,2023-06-04,B0C2HVWXB7,,"#8,635 in Kitchen & Dining (See Top 100 in Kitchen & Dining)  #26 in Oil Dispensing Oil Sprayers",,https://www.amazon.com//HXJV-Sprayer-Continuous-Accessories-Dispenser/dp/B0C2HVWXB7/ref=sr_1_60?keywords=gadgets&qid=1685891629&sr=8-60
Heating Pad for Neck and Shoulders 2lb Weighted Neck Heating Pad for Pain Relief 6 Heat Settings 4 Timers Auto Off Gifts for Women Men Mom Dad,37.99$,2023-06-04,B09CYRXHB2,,,,https://www.amazon.com//Heating-Shoulders-Weighted-Relief-Settings/dp/B09CYRXHB2/ref=sr_1_61?keywords=gadgets&qid=1685891629&sr=8-61
AMERFIST Flying Orb Ball Toys Cosmic Globe Boomerang Hover Ball Galactic Fidget Spinner Hand Drone Orbit Magic Cool Stuff Birthday for Boys Girls Teens 6-10+ Year Old Outdoor(Blue),32.00$,2023-06-04,B08QTP3MLT,,"#1,556 in Toys & Games (See Top 100 in Toys & Games)  #4 in Toy Parachute Figures  #10 in Hobby RC Quadcopters & Multirotors",,https://www.amazon.com//AMERFIST-Boomerang-Galactic-Spinner-Birthday/dp/B08QTP3MLT/ref=sr_1_62?keywords=gadgets&qid=1685891629&sr=8-62
"BLUE GINKGO Over the Sink Colander Strainer Basket - Wash Vegetables and Fruits, Drain Cooked Pasta and Dry Dishes - Extendable - New Home Kitchen Essentials (7.9 W x 14.5-19.5 L x 2.75 H) - Teal",17.99$,2023-06-04,B087RPZFS7,,#162 in Kitchen & Dining (See Top 100 in Kitchen & Dining)  #1 in Colanders,,https://www.amazon.com//Blue-Ginkgos-Colander-Strainer-Basket/dp/B087RPZFS7/ref=sr_1_63?keywords=gadgets&qid=1685891629&sr=8-63
"Jar Opener Bottle Opener for Weak Hands, 5 in 1 Multi Function Can Opener Bottle Opener Kit with Silicone Handle Easy to Use for Children, Elderly and Arthritis Sufferers (NEW GREEN)",7.59$,2023-06-04,B095NY6VCV,,#704 in Kitchen & Dining (See Top 100 in Kitchen & Dining)  #1 in Jar Openers  #2 in Bottle Openers  #17 in Bar Tools & Drinkware,,https://www.amazon.com//Function-Silicone-Children-Arthritis-Sufferers/dp/B095NY6VCV/ref=sr_1_64?keywords=gadgets&qid=1685891629&sr=8-64
"Godboat Sponge Holder for Kitchen Sink, Non-Slip Sink Caddy, Compact Sponge Holder, Kitchen Sink Organizer, Kitchen Gadgets and Kitchen Organization with Removable Drain Pan, Gifts for Women and Men",11.88$,2023-06-04,B0BDRRXR4V,,"#7,872 in Kitchen & Dining (See Top 100 in Kitchen & Dining)  #125 in Dish Racks",,https://www.amazon.com//Godboat-Non-Slip-Organization-Removable-Standing/dp/B0BDRRXR4V/ref=sr_1_65?keywords=gadgets&qid=1685891629&sr=8-65
"Fullstar 9-in-1 Deluxe Vegetable Chopper Kitchen Gifts | Onion Chopper & Dicer | Peeler, Spiralizer, Zoodle Maker, Lemon Squeezer, Egg Slicer & Seperator- Ultimate Kitchen Gadget",34.99$,2023-06-04,B07WBXRBMN,,#828 in Kitchen & Dining (See Top 100 in Kitchen & Dining)  #13 in Seasoning & Spice Choppers,,https://www.amazon.com//Fullstar-Vegetable-Chopper-Onion-Dicer/dp/B07WBXRBMN/ref=sr_1_66?keywords=gadgets&qid=1685891629&sr=8-66
"Gifts for Men Dad Husband Father's Day, Whiskey Stones, Unique Anniversary Birthday Gift Ideas for Him Boyfriend, Man Cave Stuff Cool Gadgets Retirement Bourbon Presents for Uncle Grandpa",23.99$,2023-06-04,B08D39ZDX6,,"#13,810 in Kitchen & Dining (See Top 100 in Kitchen & Dining)  #53 in Barware Tool Sets",,https://www.amazon.com//Christmas-Stocking-Stuffers-Birthday-Boyfriend/dp/B08D39ZDX6/ref=sr_1_67?keywords=gadgets&qid=1685891629&sr=8-67
"TOSY 36 & 360 LED Flying Disc - Extremely Bright, Auto Light Up, 175g Frisbee, for Men/Boys/Teens/Kids Birthday, Camping & Graduation, Father's Day for Dad/Him/Husband from Daughter/Son/Wife",39.99$,2023-06-04,B0B1YK779H,,#72 in Sports & Outdoors (See Top 100 in Sports & Outdoors)  #1 in Flying Discs  #1 in Unique Sports & Outdoors,,https://www.amazon.com//TOSY-360-LEDs-Frisbee-Rechargeable/dp/B0B1YK779H/ref=sr_1_68?keywords=gadgets&qid=1685891629&sr=8-68
Vegetable Chopper Slicer 16-in-1 with Spice Chopper Set 7 Blades Veggie Dicer Onion Fruit Cutter (gray set),22.98$,2023-06-04,B09ZY1YLDP,,"#18,593 in Kitchen & Dining (See Top 100 in Kitchen & Dining)  #140 in Seasoning & Spice Choppers",,https://www.amazon.com//Vegetable-Chopper-Slicer-Blades-Veggie/dp/B09ZY1YLDP/ref=sr_1_69?keywords=gadgets&qid=1685891629&sr=8-69
"LED Beanie Hat with Lights, Gifts for Men Women Stocking Stuffers for Men Christmas Birthday Gift Idea for Dad Husband Him Teens Adults, Soft Warm Cap with Headlamp for Fishing Camping Walking",19.99$,2023-06-04,B08CXBGTT3,,"#282,876 in Clothing, Shoes & Jewelry (See Top 100 in Clothing, Shoes & Jewelry)  #582 in Men's Skullies & Beanies",,https://www.amazon.com//Handsfree-Rechargeable-Headlamp-Christmas-Stocking/dp/B08CXBGTT3/ref=sr_1_70?keywords=gadgets&qid=1685891629&sr=8-70
Fullstar Vegetable Chopper - Spiralizer Vegetable Slicer - Onion Chopper with Container - Pro Food Chopper - Black Slicer Dicer Cutter - 4 Blades,34.99$,2023-06-04,B0764HS4SL,,#15 in Kitchen & Dining (See Top 100 in Kitchen & Dining)  #1 in Seasoning & Spice Choppers,,https://www.amazon.com//Vegetable-Chopper-Spiralizer-Slicer-Choppers/dp/B0764HS4SL/ref=sr_1_71?keywords=gadgets&qid=1685891629&sr=8-71
"Silicone Zip Ties, Reusable Zip Ties, 20pcs Rubber Cable Ties Straps for Wire Management, Elastic Cable Organizer for Home Office Table Desk. 4.5” Cord Ties in White, Black, Pink, Purple and Blue",10.99$,2023-06-04,B09X171Q58,,"#1,838 in Electronics (See Top 100 in Electronics)  #46 in Electrical Cable Ties",,https://www.amazon.com//Silicone-Reusable-Management-Elastic-Organizer/dp/B09X171Q58/ref=sr_1_72?keywords=gadgets&qid=1685891629&sr=8-72
"Mirakel Neck Massager, Shiatsu Back Neck Massager with Heat, Electric Back Massager, Neck Massager Pillow for Neck, Back, Shoulder, Foot, Leg, Muscle Pain Relief, Shoulder Massager - Graduation Gifts",36.99$,2023-06-04,B08BNL9HXF,,,,https://www.amazon.com//Mirakel-Massager-Shiatsu-Electric-Shoulder/dp/B08BNL9HXF/ref=sr_1_73?keywords=gadgets&qid=1685891629&sr=8-73
Hey Dude Wally Men's & Women's Loafers | Men's Slip On Shoes | Women's Slip On Shoes | Comfortable & Light-Weight,26.73$,2023-06-04,B07933J3GX,,,,https://www.amazon.com//Hey-Dude-Wally-Loafer-Brown/dp/B07933J3GX/ref=sr_1_74?keywords=gadgets&qid=1685891629&sr=8-74
"All-in-1 Vegetable Chopper, kitchen household vegetable cutter,Onion Chopper & Dicer,Peeler, Spiralizer, Egg Slicer & Seperator- Ultimate Kitchen Gadget",34.99$,2023-06-04,B0BYZ8YN2N,,"#105,333 in Kitchen & Dining (See Top 100 in Kitchen & Dining)  #522 in Seasoning & Spice Choppers",,https://www.amazon.com//Vegetable-household-vegetable-Spiralizer-Seperator/dp/B0BYZ8YN2N/ref=sr_1_75?keywords=gadgets&qid=1685891629&sr=8-75
"Rick and Morty Wacky Waving Inflatable Mr. Meeseeks (RP Minis)    Paperback – May 31, 2022",NoneNone$,2023-06-04,0762479892,,,,https://www.amazon.com//Morty-Wacky-Waving-Inflatable-Meeseeks/dp/0762479892/ref=sr_1_76?keywords=gadgets&qid=1685891629&sr=8-76
"Heyjar Fruit and Vegetable Washing Machine, Fruit Cleaner Device,Fruit Purifier for with OH-ion Purification Technology for Cleaning Fruit,Vegetable- Sold by Heyjar US Only(White)",45.99$,2023-06-04,B0B4KDW566,,,,https://www.amazon.com//Heyjar-Vegetable-Purification-Technology-Tableware/dp/B0B4KDW566/ref=sr_1_77?keywords=gadgets&qid=1685891629&sr=8-77
"Ice Cube Tray with Lid and Bin for Freezer 32 Cube Ice Cube Tray Stackable Easy Release Ice Cube Molds for Cocktail Whisky Coffee with Scoop Ease Of Use Cleaning (Green, Single Layer)",16.99$,2023-06-04,B0C1SP5DT8,,"#24,462 in Kitchen & Dining (See Top 100 in Kitchen & Dining)  #310 in Ice Cube Molds & Trays",,https://www.amazon.com//Ice-Cube-Tray-Stackable-Cocktail/dp/B0C1SP5DT8/ref=sr_1_78?keywords=gadgets&qid=1685891629&sr=8-78
"Electric Spin Scrubber, LOSUY Shower Scrubber with LED Screen, Power Shower Scrubber for Bathroom, Kitchen, Floor, Tile, Tub with 12-45 in Adjustable Extension Arm and 8 Replaceable Drill Brush Heads",59.95$,2023-06-04,B0BZNL5Y1Z,,"#41,259 in Health & Household (See Top 100 in Health & Household)  #457 in Household Cleaning Brushes",,https://www.amazon.com//Electric-LOSUY-Adjustable-Extension-Replaceable/dp/B0BZNL5Y1Z/ref=sr_1_79?keywords=gadgets&qid=1685891629&sr=8-79
TESLYAR Wood Phone Docking Station Ash Key Holder Wallet Stand Watch Organizer Men Husband Wife Anniversary Dad Birthday Nightstand Purse Father Graduation Male Idea Gadgets,37.80$,2023-06-04,B09PNKKS78,,"#2,537 in Cell Phones & Accessories (See Top 100 in Cell Phones & Accessories)  #54 in Cell Phone Stands",,https://www.amazon.com//Organizer-Anniversary-Birthday-Nightstand-Graduation/dp/B09PNKKS78/ref=sr_1_80?keywords=gadgets&qid=1685891629&sr=8-80
"Tihoo Desktop Vacuum Cleaner Battery Powered Crumbs/Eraser Shavings/Dust Collectors Cordless Mint Green 3.93""",19.99$,2023-06-04,B07GVNLPZ7,,#155 in Computer Vacuum Cleaners,,https://www.amazon.com//Desktop-Keyboard-Cleaner-Sweeper-Collector/dp/B07GVNLPZ7/ref=sr_1_81?keywords=gadgets&qid=1685891629&sr=8-81
The Original Toilet Night Light Tech Gadget. Fun Bathroom Motion Sensor LED Lighting. Weird Novelty Funny Birthday Gag Stocking Stuffer Gifts Ideas for Him Her Guy Men Boy Toddler Mom Papa Brother,11.99$,2023-06-04,B01HTU9TLY,,"#14,104 in Tools & Home Improvement (See Top 100 in Tools & Home Improvement)  #213 in Night-Lights",,https://www.amazon.com//Original-Bathroom-Activated-Lighting-Christmas/dp/B01HTU9TLY/ref=sr_1_82?keywords=gadgets&qid=1685891629&sr=8-82
"Youdgee Fathers Day Gifts Massage Gun Deep Tissue for Back, Neck, Shoulder, Leg Pain Relief – Percussion Massage Gun for Athletes 30 Speed Levels Massager Tool Dad Gift",39.99$,2023-06-04,B08B8GS385,,,,https://www.amazon.com//Handheld-Tissue-Massage-Muscles-Shoulder/dp/B08B8GS385/ref=sr_1_83?keywords=gadgets&qid=1685891629&sr=8-83
Sage Owl BBQ Grill Scraper Tool - Gadgets for Women - Dishwasher Safe Bristle Free BBQ Grill Brush Alternative - Mens Kitchen Gadgets Ideas,17.40$,2023-06-04,B073VB5NPP,,"#51,369 in Patio, Lawn & Garden (See Top 100 in Patio, Lawn & Garden)  #142 in Grill Brushes  #922 in Grilling & BBQ Utensils",,https://www.amazon.com//Sage-Owl-Stainless-Steel-Scraper/dp/B073VB5NPP/ref=sr_1_84?keywords=gadgets&qid=1685891629&sr=8-84
"Dimux Coffee Mug Warmer, Electric Beverage Warmers for Office Home Desk Use, Smart Cup Warmer Thermostat Coaster for Hot Coffee Tea Espresso Milk Candle Wax with Gravity Switch Auto On/Off 135F",29.99$,2023-06-04,B08HK468TG,,"#57,432 in Home & Kitchen (See Top 100 in Home & Kitchen)  #16 in Tea & Espresso Beverage Warmers",,https://www.amazon.com//Dimux-Coffee-Mug-Warmer-Thermostat/dp/B08HK468TG/ref=sr_1_85?keywords=gadgets&qid=1685891629&sr=8-85
"OVERFUN Web Launcher String Shooters Toy, Cool Gadgets [Electric Reel-in] Spider String Shooter Real Silk Superhero Role-Play Cool Stuff Fun Toys Great for Men and Kids (Black)",45.99$,2023-06-04,B09ZNZK6JS,,#709 in Toys & Games (See Top 100 in Toys & Games)  #58 in Novelty Toys & Amusements,,https://www.amazon.com//OVERFUN-Launcher-Shooters-Superhero-Role-Play/dp/B09ZNZK6JS/ref=sr_1_86?keywords=gadgets&qid=1685891629&sr=8-86
"Gifts for Men Dad Fathers Day, Whiskey Decanter Globe Set with 2 Ball Stones & 2 Glasses, Anniversary Birthday Gifts for Him Husband, Unique Christmas Gift for Bourbon Scotch Liquor Vodka, Cool Stuff",56.99$,2023-06-04,B09ZKYR7FL,,"#16,000 in Kitchen & Dining (See Top 100 in Kitchen & Dining)  #15 in Liquor Decanters",,https://www.amazon.com//Whiskey-Decanter-Anniversary-Birthday-Christmas/dp/B09ZKYR7FL/ref=sr_1_87?keywords=gadgets&qid=1685891629&sr=8-87
"Rossetta Star Projector, Galaxy Projector for Bedroom, White Noise & Bluetooth Speaker Aurora Projector, Night Light for Kids Room, Adults Home Theater, Ceiling, Aesthetic Room Decor (Silver Gray)",39.99$,2023-06-04,B09NNKY31X,,"#47,850 in Tools & Home Improvement (See Top 100 in Tools & Home Improvement)  #34 in Decorative Outdoor Lighting Projectors  #1,482 in Novelty Lighting",,https://www.amazon.com//Rossetta-Star-Projector-Bluetooth-Aesthetic/dp/B09NNKY31X/ref=sr_1_88?keywords=gadgets&qid=1685891629&sr=8-88
"Face Roller by Revlon, Oily Skin Control for Face Makeup, Oil Absorbing, Volcanic Reusable Facial Skincare Tool for At-Home or On-the-Go Mini Massage",13.55$,2023-06-04,B082KZ8ZGM,,,,https://www.amazon.com//Control-Absorbing-Volcanic-Reusable-Skincare/dp/B082KZ8ZGM/ref=sr_1_89?keywords=gadgets&qid=1685891629&sr=8-89
"Safe Mandoline Slicer for Kitchen, Professional Vegetable Chopper With Container, Onion Chopper/Potato Slicer, More with 30+ Presets & Thickness Adjuster, Faster Food Chopper Gadgets - Green",40.99$,2023-06-04,B0BMF2VN17,,"#27,194 in Kitchen & Dining (See Top 100 in Kitchen & Dining)  #176 in Seasoning & Spice Choppers",,https://www.amazon.com//Mandoline-Professional-Vegetable-Container-Thickness/dp/B0BMF2VN17/ref=sr_1_90?keywords=gadgets&qid=1685891629&sr=8-90
"RAEMAO X6 Massage Gun, 10 Adjustable Speed with Silent Brushless Motor, Replaceable 15 Massages Heads, LED Screen, Portable Handbag, Ergonomic Design, Black",69.99$,2023-06-04,B0BC1GS34Q,,,,https://www.amazon.com//RAEMAO-Electric-Adjustable-Specialized-Ergonomic/dp/B0BC1GS34Q/ref=sr_1_91?keywords=gadgets&qid=1685891629&sr=8-91
"MUSICOZY Sleep Headphones Bluetooth 5.2 Headband Sleeping Headphones Sleep Eye Mask, Wireless Music Earbuds Earphones for Side Sleepers Men Women Air Travel Cool Tech Gadgets Unique",17.99$,2023-06-04,B07TPLZY74,,#185 in Electronics (See Top 100 in Electronics)  #4 in On-Ear Headphones  #11 in Sleep Masks  #12 in Over-Ear Headphones,,https://www.amazon.com//MUSICOZY-Headphones-Bluetooth-Everything-Christmas/dp/B07TPLZY74/ref=sr_1_92?keywords=gadgets&qid=1685891629&sr=8-92
"Gifts for Men LED Flashlight Gloves: Unique Fathers Day Gifts for Dad Husband Grandpa, Cool Gadgets Hands-Free Lights for Camping Fishing Repairing, Funny Birthday Christmas Stocking Stuffers Gifts",15.99$,2023-06-04,B0C36JTPS3,,"#82,465 in Tools & Home Improvement (See Top 100 in Tools & Home Improvement)  #57 in Hands Free Flashlights",,https://www.amazon.com//Gifts-Men-LED-Flashlight-Gloves/dp/B0C36JTPS3/ref=sr_1_93?keywords=gadgets&qid=1685891629&sr=8-93
"Electric Salt and Pepper Grinder Set, USB Rechargeable, Automatic Salt and Pepper Mill Grinder with Adjustable Coarseness, Electric Salt Shakers, LED Light, Refillable, Kitchen Gadgets (2 Packs, Sage)",49.99$,2023-06-04,B0BW9V3FXN,,"#26,711 in Kitchen & Dining (See Top 100 in Kitchen & Dining)  #43 in Pepper Mills  #102 in Salt & Pepper Mill Sets",,https://www.amazon.com//Rechargeable-Automatic-Adjustable-Coarseness-Refillable/dp/B0BW9V3FXN/ref=sr_1_94?keywords=gadgets&qid=1685891629&sr=8-94
"TYHJOY Mini Chip Bag Sealer, Handheld Heat Vacuum Sealer and Cutter, Portable Chip Bag Resealer Machine for Snack Plastic Fresh Bags Cookies - Green - 2xAA Batteries Included",9.99$,2023-06-04,B089YVMRKC,,"#4,154 in Kitchen & Dining (See Top 100 in Kitchen & Dining)  #32 in Vacuum Sealers",,https://www.amazon.com//TYHJOY-Portable-Handheld-Machine-Plastic/dp/B089YVMRKC/ref=sr_1_95?keywords=gadgets&qid=1685891629&sr=8-95
"Happy Nuts Comfort Cream | Men's Deodorant | Anti-Chafing, Sweat Defense & Odor Control - 3.4 Fl Oz",15.00$,2023-06-04,B07S1BNNYD,,,,https://www.amazon.com//Happy-Nuts-Sweat-Defense-Control/dp/B07S1BNNYD/ref=sr_1_96?keywords=gadgets&qid=1685891629&sr=8-96
"Oil Sprayer for Cooking, 200ml Glass Olive Oil Sprayer Mister, Olive Oil Spray Bottle, Kitchen Gadgets Accessories for Air Fryer, Canola Oil Spritzer, Widely Used for Salad Making, Baking, Frying, BBQ",16.99$,2023-06-04,B09NKRWXPC,,"#1,447 in Kitchen & Dining (See Top 100 in Kitchen & Dining)  #4 in Oil Dispensing Oil Sprayers",,https://www.amazon.com//Oil-Sprayer-Cooking-Accessories-Spritzer/dp/B09NKRWXPC/ref=sr_1_97?keywords=gadgets&qid=1685891900&sr=8-97
"32 pcs Silicone Kitchen Utensils Set, Non-Stick Cooking Kitchen Utensils Spatula Set with Holder, Wooden Handle Silicone Kitchen Gadgets Utensil Set and Kitchen Gadgets Tools Set (Black)",25.99$,2023-06-04,B0BX5L1MZK,,"#141,684 in Kitchen & Dining (See Top 100 in Kitchen & Dining)  #396 in Cooking Utensil Sets",,https://www.amazon.com//Silicone-Kitchen-Utensils-Non-Stick-Cooking/dp/B0BX5L1MZK/ref=sr_1_98?keywords=gadgets&qid=1685891900&sr=8-98
"Kitchen Mama Auto Electric Can Opener: Open Your Cans with A Simple Push of Button - Automatic, Hands Free, Smooth Edge, Food-Safe, Battery Operated, YES YOU CAN (White)",29.99$,2023-06-04,B087NK4RMV,,#46 in Kitchen & Dining (See Top 100 in Kitchen & Dining)  #1 in Electric Can Openers  #2 in 4-Star Store  #3 in Unique Kitchen,,https://www.amazon.com//Kitchen-Mama-Electric-Can-Opener/dp/B087NK4RMV/ref=sr_1_99?keywords=gadgets&qid=1685891900&sr=8-99
"BOSHENG Mop and Bucket with Wringer Set, Hands Free Flat Floor Mop and Bucket, 3 Washable Microfiber Pads Included, Wet and Dry Use, Home Floor Cleaning System, Black and Red",39.99$,2023-06-04,B09MCYDSR8,,"#5,031 in Health & Household (See Top 100 in Health & Household)  #7 in Household Mops & Bucket Sets",,https://www.amazon.com//BOSHENG-Washable-Microfiber-Included-Cleaning/dp/B09MCYDSR8/ref=sr_1_100?keywords=gadgets&qid=1685891900&sr=8-100
OMAIA 2-in-1 Kitchen Soap Dispenser with Sponge Holder - dishwashing Liquid Dispenser for Kitchen - Smart Kitchen Gadgets 2023 - Sink Countertop Organizer - Dish soap Dispenser for Kitchen Sink…,11.99$,2023-06-04,B08NCTVTXP,,"#38,094 in Home & Kitchen (See Top 100 in Home & Kitchen)  #98 in Bathroom Countertop Soap Dispensers",,https://www.amazon.com//OMAIA-Kitchen-Dispenser-Sponge-Holder/dp/B08NCTVTXP/ref=sr_1_101?keywords=gadgets&qid=1685891900&sr=8-101
The Gadget    Kindle Edition,4.99$,2023-06-04,B00CBASPYA,,,,https://www.amazon.com//Gadget-Paul-Zindel-ebook/dp/B00CBASPYA/ref=sr_1_102?keywords=gadgets&qid=1685891900&sr=8-102
"43 Pcs AIKKIL Kitchen Utensils Set, Heat Resistant Silicone Cooking Kitchen Utensils Set with Holder, Spoon, Spatula, Kitchen Gadgets Tools Set For Nonstick Cookware, Dishwasher(BPA Free, Black)",32.99$,2023-06-04,B0C1P36L1J,,"#53,585 in Kitchen & Dining (See Top 100 in Kitchen & Dining)  #191 in Cooking Utensil Sets",,https://www.amazon.com//AIKKIL-Utensils-Resistant-Silicone-Dishwasher/dp/B0C1P36L1J/ref=sr_1_103?keywords=gadgets&qid=1685891900&sr=8-103
GEMOX Stainless Steel Finger Guard for Slicing - Cutting Protector to Avoid Accidents when Chopping and Kitchen Safe Chop Cut Tool,5.00$,2023-06-04,B08LDYB5YJ,,"#45,140 in Kitchen & Dining (See Top 100 in Kitchen & Dining)  #56 in Knife Cases, Holders & Protectors",,https://www.amazon.com//GEMOX-Stainless-Steel-Finger-Slicing/dp/B08LDYB5YJ/ref=sr_1_104?keywords=gadgets&qid=1685891900&sr=8-104
"Kuvvfe 2 Pack Portable Extendable Back Scratcher, Stainless Steel Telescoping Back Scratcher with Beautiful Gift Packaging",6.99$,2023-06-04,B084DJGHXN,,,,https://www.amazon.com//Extendable-Scratcher-Stainless-Telescoping-Beautiful/dp/B084DJGHXN/ref=sr_1_105?keywords=gadgets&qid=1685891900&sr=8-105
"Pro Grade, Pre Seasoned Cast Iron Grill Weight 2Pk. Heavy Duty Steak and Burger Press with Wooden Handle for Grills, Griddles and Flattops. Perfect Gadget for Bacon, Paninis, Sandwiches and Vegetables",32.99$,2023-06-04,B084G97PHR,,"#10,462 in Patio, Lawn & Garden (See Top 100 in Patio, Lawn & Garden)  #30 in Barbecue Presses & Irons",,https://www.amazon.com//Press-Flattops-Bacon-Sandwiches-Vegetables/dp/B084G97PHR/ref=sr_1_106?keywords=gadgets&qid=1685891900&sr=8-106
"Air Fryer Disposable Paper Liners Square, Non-Stick Parchment Paper, Air Fryer Accessories, Oil Proof, Water Proof, Paper Liner for Microwave Oven Frying Pan(100PCS, 6.3inch)",11.99$,2023-06-04,B0B2K3K63J,,"#5,134 in Kitchen & Dining (See Top 100 in Kitchen & Dining)  #62 in Baking Parchment",,https://www.amazon.com//Disposable-Non-Stick-Parchment-Accessories-Microwave/dp/B0B2K3K63J/ref=sr_1_107?keywords=gadgets&qid=1685891900&sr=8-107
KitchenAid RRK150IC 5 Qt. Artisan Series - Ice (Renewed),329.87$,2023-06-04,B0001ZYYNI,,"#56,409 in Kitchen & Dining (See Top 100 in Kitchen & Dining)  #93 in Household Stand Mixers",,https://www.amazon.com//KitchenAid-RRK150IC-Qt-Artisan-Renewed/dp/B0001ZYYNI/ref=sr_1_108?keywords=gadgets&qid=1685891900&sr=8-108
"TAOUNOA 4pcs Magnetic Fridge Shelf - 2pcs Large Magnetic Spice Rack for Refrigerator and 2pcs Small Magnetic Refrigerator Organizer, Black",18.99$,2023-06-04,B0BVZ71NXB,,"#21,464 in Kitchen & Dining (See Top 100 in Kitchen & Dining)  #210 in Spice Racks  #4,856 in Kitchen Storage & Organization",,https://www.amazon.com//TAOUNOA-4pcs-Magnetic-Fridge-Shelf/dp/B0BVZ71NXB/ref=sr_1_109?keywords=gadgets&qid=1685891900&sr=8-109
"HONREAL Gifts for Men/Dad, Father Day Gifts for Him/Father, 9 in 1 Multitool 2Pcs Pen Set, Gifts for Men Who Have Everything,Cool Gadgets for Men,Birthday gift for Men/Husband/Boyfriend/Grandpa",14.99$,2023-06-04,B09XN8HQYF,,"#25,636 in Tools & Home Improvement (See Top 100 in Tools & Home Improvement)  #115 in Multitools",,https://www.amazon.com//HONREAL-Multitool-Boyfriend-Christmas-Day%EF%BC%8CBirthday/dp/B09XN8HQYF/ref=sr_1_110?keywords=gadgets&qid=1685891900&sr=8-110
"Rubbermaid Reveal Cordless Battery Power Scrubber, Gray/Red, Multi-Purpose Scrub Brush Cleaner for Grout/Tile/Bathroom/Shower/Bathtub, Water Resistant, Lightweight, Ergonomic Grip (1839685)",NoneNone$,2023-06-04,B00BEUDWJQ,,#111 in Tools & Home Improvement (See Top 100 in Tools & Home Improvement)  #1 in Tile Grout Cleaners  #5 in Household Cleaning Brushes  #5 in Mopping Accessories,,https://www.amazon.com//Rubbermaid-Scrubber-General-Cleaning-1839685/dp/B00BEUDWJQ/ref=sr_1_111?keywords=gadgets&qid=1685891900&sr=8-111
Home Hero Kitchen Utensils Set - Stainless Steel Cooking Utensils Set with Spatula - Kitchen Gadgets & Kitchen Tool Gift 54-pcs Set,69.99$,2023-06-04,B077BG4T9C,,"#4,731 in Kitchen & Dining (See Top 100 in Kitchen & Dining)  #22 in Cooking Utensil Sets",,https://www.amazon.com//Home-Hero-Stainless-Utensil-Set/dp/B077BG4T9C/ref=sr_1_112?keywords=gadgets&qid=1685891900&sr=8-112
"12 Pcs Refrigerator Liners, CaptainRay Washable Mats Covers Pads, Home Kitchen Gadgets Accessories Organization for Top Freezer Glass Shelf Wire Shelving Cupboard Cabinet Drawer(12 Green)",11.99$,2023-06-04,B0BBS168C5,,"#21,424 in Kitchen & Dining (See Top 100 in Kitchen & Dining)  #148 in Shelf Liners",,https://www.amazon.com//Refrigerator-CaptainRay-Washable-Accessories-Organization/dp/B0BBS168C5/ref=sr_1_113?keywords=gadgets&qid=1685891900&sr=8-113
"Cool Kids Toys,FLYNOVA Hand Operated UFO Drones,Mini Flying Orb Ball with Lights,Hover Boomerang Fidget Spinner,Christmas Birthday Gifts For Boys Girls Teens Adults 8 9 10 11 12+ Indoor Outdoor Fun",22.99$,2023-06-04,B08GLL4MW5,,"#6,959 in Toys & Games (See Top 100 in Toys & Games)  #11 in Toy Parachute Figures",,https://www.amazon.com//FLYNOVA-Operated-Helicopter-Rotating-Shining/dp/B08GLL4MW5/ref=sr_1_114?keywords=gadgets&qid=1685891900&sr=8-114
GADGETS: The Great Escape    Kindle Edition,1.99$,2023-06-04,B004J4VWDW,,,,https://www.amazon.com//GADGETS-Great-Escape-David-Hancock-ebook/dp/B004J4VWDW/ref=sr_1_115?keywords=gadgets&qid=1685891900&sr=8-115
"OEOP Mini Bag Sealer, 2 in 1 Chip Bag Sealer with Cutter Handheld Bag Sealer Heat Seal Vacuum Sealer Machine Kitchen Gadget for Mylar Bags Plastic Bags Food Storage",12.99$,2023-06-04,B0BRQFNGHW,,"#5,372 in Kitchen & Dining (See Top 100 in Kitchen & Dining)  #38 in Vacuum Sealers",,https://www.amazon.com//OEOP-Handheld-Machine-Kitchen-Plastic/dp/B0BRQFNGHW/ref=sr_1_116?keywords=gadgets&qid=1685891900&sr=8-116
"MEMASA Eye Massager, Gifts for mom, Bluetooth Music, Heated and Compression Eye Massage Mask for Relax Eye Strain, Dry Eyes and Improve Sleep, Ideal Gifts for Women/Men",39.90$,2023-06-04,B0BDLM344V,,,,https://www.amazon.com//MEMASA-Compression-Migraines-Bluetooth-Temperature/dp/B0BDLM344V/ref=sr_1_117?keywords=gadgets&qid=1685891900&sr=8-117
"Electric Spin Scrubber, FARI Cordless Cleaning Brush with 7 Replaceable Brush Heads, Tub and Floor Tile 360 Power Scrubber Mop with Adjustable Handle for Bathroom Kitchen Car (White)",49.11$,2023-06-04,B09THF1CCN,,"#141,315 in Health & Household (See Top 100 in Health & Household)  #1,360 in Household Cleaning Brushes",,https://www.amazon.com//Electric-Scrubber-FARI-Replaceable-Adjustable/dp/B09THF1CCN/ref=sr_1_118?keywords=gadgets&qid=1685891900&sr=8-118
"iPhone Charge Lightning Cable + Keychain + Bottle Opener + Aluminum Carabiner,Portable Multifunction Keychain Bottle Opener USB Charging Cord Short Cable for iPhone X/8/7/6S,Gift for Men Women (White)",8.95$,2023-06-04,B0784JR9GR,,#313 in USB Cables,,https://www.amazon.com//Lightning-Keychain-Aluminum-Carabiner-Multifunction/dp/B0784JR9GR/ref=sr_1_119?keywords=gadgets&qid=1685891900&sr=8-119
"OTOTO Splatypus Jar Spatula - Unique Kitchen Gadgets - BPA-free & 100% Food Safe - Crepe Spreader, Kitchen Spatula - Fun Cooking Gadgets for Foodies - Jar Spatulas for Scooping and Scraping",10.40$,2023-06-04,B07H7ZDBV4,,"#3,727 in Kitchen & Dining (See Top 100 in Kitchen & Dining)  #25 in Spatulas",,https://www.amazon.com//OTOTO-Design-Platypus-Scraper-Spatula/dp/B07H7ZDBV4/ref=sr_1_120?keywords=gadgets&qid=1685891900&sr=8-120
"SOLEJAZZ 2-Tier Under Sink Organizer, Sliding Under Bathroom Cabinet Storage Drawer Organizer with Hooks, Hanging Cup, Dividers, Handles, Multi-purpose Under Sink Shelf Organizer, White, 2 Pack",39.99$,2023-06-04,B09TTB86HW,,"#1,681 in Kitchen & Dining (See Top 100 in Kitchen & Dining)  #14 in Under-Sink Organizers",,https://www.amazon.com//SOLEJAZZ-Organizer-Bathroom-Dividers-Multi-purpose/dp/B09TTB86HW/ref=sr_1_121?keywords=gadgets&qid=1685891900&sr=8-121
,NoneNone$,2023-06-04,B07DF9ZTJR,,,,https://www.amazon.com//Gadget-Sumit-Chakravarti/dp/B07DF9ZTJR/ref=sr_1_122?keywords=gadgets&qid=1685891900&sr=8-122
"KIBEE Dish Drying Rack,Square Rods Stainless Steel Roll Up Over The Sink Drainer,Gadget Tool for Many Kitchen Task (17.35 x 15.15 Black)",18.99$,2023-06-04,B0B7R6N8G2,,"#61,455 in Kitchen & Dining (See Top 100 in Kitchen & Dining)  #642 in Dish Racks",,https://www.amazon.com//KIBEE-Stainless-Drainer-Kitchen-Standard/dp/B0B7R6N8G2/ref=sr_1_123?keywords=gadgets&qid=1685891900&sr=8-123
PopSockets PopPuck Trick Magnet and Fidget Toy- Booster Pack,5.99$,2023-06-04,B0BFT71LZ1,,"#5,619 in Toys & Games (See Top 100 in Toys & Games)  #24 in Magnet Toys",,https://www.amazon.com//PopSockets-PopPuck-Magnet-Fidget-Booster/dp/B0BFT71LZ1/ref=sr_1_124?keywords=gadgets&qid=1685891900&sr=8-124
"VEITORLD Extendable Magnetic Flashlight, Telescoping Magnet Pickup Tool, Father's Day, Cool Gifts for Men Dad Husband Him From Daughter Son, Unique Birthday Gifts for Boyfriend Grandpa Brother Women",19.99$,2023-06-04,B0928TC31P,,"#4,243 in Tools & Home Improvement (See Top 100 in Tools & Home Improvement)  #6 in Magnetic Sweepers",,https://www.amazon.com//Extendable-Flashlight-Telescoping-Tool-Gifts-Boyfriend/dp/B0928TC31P/ref=sr_1_125?keywords=gadgets&qid=1685891900&sr=8-125
"Father's Day Gifts for Dad from Daughter Son, Magnetic Wristband Tool Belt for Holding Screws Nails Drill Bits, Cool Gadgets Birthday Gift for Men Him Women Husband Wife Carpenters Who Have Everything",8.99$,2023-06-04,B08F3FFR1C,,#933 in Tools & Home Improvement (See Top 100 in Tools & Home Improvement)  #2 in Tool Belts,,https://www.amazon.com//Magnetic-Wristband-Perfect-Valentines-Carpenters/dp/B08F3FFR1C/ref=sr_1_126?keywords=gadgets&qid=1685891900&sr=8-126
"JNJHomes Fruit and Vegetable Washing Machine, Portable Fruit and Vegetable Purifier, Easy-to-Clean Fruit and Vegetable Cleaner Device in Water and Waterproof, Kitchen Gadgets and Wireless Rechargeable",69.99$,2023-06-04,B0BX74BHJN,,"#60,134 in Kitchen & Dining (See Top 100 in Kitchen & Dining)  #226 in Fruit & Vegetable Cleaning Brushes",,https://www.amazon.com//JNJHomes-Vegetable-Portable-Waterproof-Rechargeable/dp/B0BX74BHJN/ref=sr_1_127?keywords=gadgets&qid=1685891900&sr=8-127
